Actor1	Actor2	Year
HOUNSOU, DJIMON	50 CENT	2003
HOUNSOU, DJIMON	50 CENT	2003
HOUNSOU, DJIMON	50 CENT	2003
HOUNSOU, DJIMON	50 CENT	2003
HOUNSOU, DJIMON	50 CENT	2003
HOUNSOU, DJIMON	50 CENT	2003
HOUNSOU, DJIMON	50 CENT	2003
HOUNSOU, DJIMON	50 CENT	2003
HOUNSOU, DJIMON	50 CENT	2003
HOUNSOU, DJIMON	50 CENT	2003
HOUNSOU, DJIMON	50 CENT	2003
HOUNSOU, DJIMON	50 CENT	2003
HOUNSOU, DJIMON	50 CENT	2003
HOUNSOU, DJIMON	50 CENT	2003
HOUNSOU, DJIMON	50 CENT	2003
HOUNSOU, DJIMON	50 CENT	2003
HOUNSOU, DJIMON	50 CENT	2003
HOUNSOU, DJIMON	50 CENT	2003
HOUNSOU, DJIMON	50 CENT	2003
HOUNSOU, DJIMON	50 CENT	2003
HOUNSOU, DJIMON	50 CENT	2003
HOUNSOU, DJIMON	50 CENT	2003
HOUNSOU, DJIMON	50 CENT	2003
HOUNSOU, DJIMON	50 CENT	2003
HOUNSOU, DJIMON	50 CENT	2003
HOUNSOU, DJIMON	50 CENT	2003
HOUNSOU, DJIMON	50 CENT	2003
HOUNSOU, DJIMON	50 CENT	2003
HOUNSOU, DJIMON	50 CENT	2003
HOUNSOU, DJIMON	50 CENT	2003
HOUNSOU, DJIMON	50 CENT	2003
HOUNSOU, DJIMON	50 CENT	2003
HOUNSOU, DJIMON	50 CENT	2003
HOUNSOU, DJIMON	50 CENT	2003
HOUNSOU, DJIMON	50 CENT	2003
HOUNSOU, DJIMON	50 CENT	2003
HOUNSOU, DJIMON	50 CENT	2003
HOUNSOU, DJIMON	50 CENT	2003
HOUNSOU, DJIMON	50 CENT	2003
HOUNSOU, DJIMON	50 CENT	2003
HOUNSOU, DJIMON	50 CENT	2003
HOUNSOU, DJIMON	50 CENT	2003
HOUNSOU, DJIMON	50 CENT	2003
HOUNSOU, DJIMON	50 CENT	2003
HOUNSOU, DJIMON	50 CENT	2003
HOUNSOU, DJIMON	50 CENT	2003
HOUNSOU, DJIMON	50 CENT	2003
HOUNSOU, DJIMON	50 CENT	2003
HOUNSOU, DJIMON	50 CENT	2003
HOUNSOU, DJIMON	50 CENT	2003
HOUNSOU, DJIMON	50 CENT	2003
HOUNSOU, DJIMON	50 CENT	2003
HOUNSOU, DJIMON	50 CENT	2003
HOUNSOU, DJIMON	50 CENT	2003
HOUNSOU, DJIMON	50 CENT	2003
HOUNSOU, DJIMON	50 CENT	2003
HOUNSOU, DJIMON	50 CENT	2003
HOUNSOU, DJIMON	50 CENT	2003
HOUNSOU, DJIMON	50 CENT	2003
HOUNSOU, DJIMON	50 CENT	2003
HOUNSOU, DJIMON	50 CENT	2003
HOUNSOU, DJIMON	50 CENT	2003
HOUNSOU, DJIMON	50 CENT	2003
HOUNSOU, DJIMON	50 CENT	2003
HOUNSOU, DJIMON	50 CENT	2003
HOUNSOU, DJIMON	50 CENT	2003
HOUNSOU, DJIMON	50 CENT	2003
HOUNSOU, DJIMON	50 CENT	2003
HOUNSOU, DJIMON	50 CENT	2003
HOUNSOU, DJIMON	50 CENT	2003
HOUNSOU, DJIMON	50 CENT	2003
HOUNSOU, DJIMON	50 CENT	2003
HOUNSOU, DJIMON	50 CENT	2003
HOUNSOU, DJIMON	50 CENT	2003
HOUNSOU, DJIMON	50 CENT	2003
HOUNSOU, DJIMON	50 CENT	2003
HOUNSOU, DJIMON	50 CENT	2003
HOUNSOU, DJIMON	50 CENT	2003
HOUNSOU, DJIMON	50 CENT	2003
HOUNSOU, DJIMON	50 CENT	2003
HOUNSOU, DJIMON	50 CENT	2003
HOUNSOU, DJIMON	50 CENT	2003
HOUNSOU, DJIMON	50 CENT	2003
HOUNSOU, DJIMON	50 CENT	2003
HOUNSOU, DJIMON	50 CENT	2003
HOUNSOU, DJIMON	50 CENT	2003
HOUNSOU, DJIMON	50 CENT	2003
HOUNSOU, DJIMON	50 CENT	2003
HOUNSOU, DJIMON	50 CENT	2003
HOUNSOU, DJIMON	50 CENT	2003
HOUNSOU, DJIMON	50 CENT	2003
HOUNSOU, DJIMON	50 CENT	2003
HOUNSOU, DJIMON	50 CENT	2003
HOUNSOU, DJIMON	50 CENT	2003
HOUNSOU, DJIMON	50 CENT	2003
HOUNSOU, DJIMON	50 CENT	2003
HOUNSOU, DJIMON	50 CENT	2003
HOUNSOU, DJIMON	50 CENT	2003
HOUNSOU, DJIMON	50 CENT	2003
HOUNSOU, DJIMON	50 CENT	2003
HOUNSOU, DJIMON	50 CENT	2003
HOUNSOU, DJIMON	50 CENT	2003
HOUNSOU, DJIMON	50 CENT	2003
