Actor/Actress	Movie	Year
ABERCROMBIE, IAN	THE MOLLY MAGUIRES	1970
ACKLAND, JOSS	THE HOUSE THAT DRIPPED BLOOD	1971
ADAMS, BROOKE (I)	AMERICAN PLAYHOUSE	1981
ADAMS, BROOKE (I)	MURDERS IN THE RUE MORGUE	1971
ADAMS, MASON (I)	AMERICAN PLAYHOUSE	1981
AIDEM, BETSY	AMERICAN PLAYHOUSE	1981
ALDA, RUTANYA	PAT GARRETT & BILLY THE KID	1973
ALDREDGE, TOM	AMERICAN PLAYHOUSE	1981
ALEXANDER, JANE (I)	THE GREAT WHITE HOPE	1970
ALI, MUHAMMAD (I)	A.K.A. CASSIUS CLAY	1970
ALICE, MARY (I)	AMERICAN PLAYHOUSE	1981
ALLEN, JOAN (I)	AMERICAN PLAYHOUSE	1981
ALLEN, WOODY	BANANAS	1971
ALVARADO, TRINI	AMERICAN PLAYHOUSE	1981
AMOS, JOHN (I)	VANISHING POINT	1971
ANDREI, DAMIR	AMERICAN PLAYHOUSE	1981
ANDROSKY, CAROLE	LITTLE BIG MAN	1970
ANTONIO, JIM	THE WALTONS	1971
ARANHA, RAY	AMERICAN PLAYHOUSE	1981
ARGO, VICTOR	THE WALTONS	1971
ARKIN, ALAN	AMERICAN PLAYHOUSE	1981
ARMSTRONG, R.G.	MAJOR DUNDEE	1965
ARMSTRONG, R.G.	PAT GARRETT & BILLY THE KID	1973
ARMSTRONG, R.G.	J.W. COOP	1971
ARMSTRONG, R.G.	THE GREAT WHITE HOPE	1970
ARMUS, SIDNEY	WHO IS HARRY KELLERMAN AND WHY IS HE SAYING THOSE TERRIBLE THINGS ABOUT ME?	1971
ARNOLD, MADISON	AMERICAN PLAYHOUSE	1981
ARQUETTE, ALEXIS	AMERICAN PLAYHOUSE	1981
ARQUETTE, LEWIS	THE WALTONS	1971
ASKEW, LUKE (I)	ANGEL UNCHAINED	1970
ASKEW, LUKE (I)	PAT GARRETT & BILLY THE KID	1973
ASKEW, LUKE (I)	FLAREUP	1969
ASNER, EDWARD	THEY CALL ME MISTER TIBBS!	1970
ASNER, EDWARD	HALLS OF ANGER	1970
AUBERJONOIS, RENE	MASH	1970
AVERY, MARGARET	AMERICAN PLAYHOUSE	1981
AVERY, VAL	KING CREOLE	1958
AVERY, VAL	THE BROTHERHOOD	1968
AVERY, VAL	VANISHING POINT	1971
AXELROD, JACK	BANANAS	1971
AZZARA, CANDICE	WHO IS HARRY KELLERMAN AND WHY IS HE SAYING THOSE TERRIBLE THINGS ABOUT ME?	1971
BACARELLA, MIKE	AMERICAN PLAYHOUSE	1981
BAKER, DYLAN (I)	AMERICAN PLAYHOUSE	1981
BAKER, JOE DON	ADAM AT SIX A.M.	1970
BAKER, KENNY (I)	STAR WARS: EPISODE V - THE EMPIRE STRIKES BACK	1980
BAKER, KENNY (I)	STAR WARS	1977
BAKER, RAY (I)	AMERICAN PLAYHOUSE	1981
BALDWIN, STEPHEN (I)	AMERICAN PLAYHOUSE	1981
BAMMAN, GERRY	AMERICAN PLAYHOUSE	1981
BANCROFT, ANNE (I)	AMERICAN PLAYHOUSE	1981
BANKS, JONATHAN (I)	THE WALTONS	1971
BARANSKI, CHRISTINE	AMERICAN PLAYHOUSE	1981
BARTLETT, BONNIE	THE WALTONS	1971
BARTLETT, CAL	PAINT YOUR WAGON	1969
BARTY, BILLY	THE WALTONS	1971
BARTY, BILLY	ROUSTABOUT	1964
BASINGER, KIM	KILLJOY	1981
BASSETT, LINDA (I)	AMERICAN PLAYHOUSE	1981
BASSETT, WILLIAM	1776	1972
BATES, PAUL (I)	AMERICAN PLAYHOUSE	1981
BATESON, TIMOTHY	LOOPHOLE	1981
BAY, FRANCES	AMERICAN PLAYHOUSE	1981
BEATTY, NED	THE WALTONS	1971
BEATTY, NED	AMERICAN PLAYHOUSE	1981
BEATTY, NED	SUPERMAN	1978
BEATTY, WARREN (I)	BONNIE AND CLYDE	1967
BECK, BILLY (I)	STRANGER IN OUR HOUSE	1978
BECK, BILLY (I)	VALLEY OF THE DOLLS	1967
BECK, JOHN (II)	LAWMAN	1971
BECK, JOHN (II)	PAT GARRETT & BILLY THE KID	1973
BELAFONTE, HARRY	THE ANGEL LEVINE	1970
BELL, MICHAEL (I)	BROTHER JOHN	1971
BELLAMY, NED	THE WALTONS	1971
BENEDICT, PAUL	COLD TURKEY	1971
BENEDICT, PAUL	THE GANG THAT COULDN'T SHOOT STRAIGHT	1971
BENJAMIN, PAUL (I)	AMERICAN PLAYHOUSE	1981
BENNETT, JOHN (I)	THE HOUSE THAT DRIPPED BLOOD	1971
BERGEN, CANDICE	SOLDIER BLUE	1970
BERGEN, CANDICE	THE SAND PEBBLES	1966
BERKOFF, STEVEN	PROFESSIONE: REPORTER	1975
BERNSEN, CORBIN	THE WALTONS	1971
BIEHN, MICHAEL	GREASE	1978
BIGGERS, DAN	AMERICAN PLAYHOUSE	1981
BIGWOOD, JAMES	AMERICAN PLAYHOUSE	1981
BILLA, SALVATORE	INDIO BLACK, SAI CHE TI DICO: SEI UN GRAN FIGLIO DI...	1970
BIRK, RAYE	GAS! -OR- IT BECAME NECESSARY TO DESTROY THE WORLD IN ORDER TO SAVE IT.	1970
BISHOP, LARRY	THE DEVIL'S 8	1969
BISHOP, LARRY	ANGEL UNCHAINED	1970
BISHOP, LARRY	CHROME AND HOT LEATHER	1971
BISHOP, LARRY	WILD IN THE STREETS	1968
BISSET, JACQUELINE	THE FIRST TIME	1969
BLACKMAN, IAN (I)	AMERICAN PLAYHOUSE	1981
BLAIR, BILL (III)	AMERICAN PLAYHOUSE	1981
BLOOM, CLAIRE (I)	AMERICAN PLAYHOUSE	1981
BOGART, HUMPHREY	CASABLANCA	1942
BOGART, HUMPHREY	THE AFRICAN QUEEN	1951
BOGDANOVICH, PETER	THE WILD ANGELS	1966
BOGDANOVICH, PETER	THE LAST PICTURE SHOW	1971
BOGDANOVICH, PETER	TARGETS	1968
BORGNINE, ERNEST	LOS DESESPERADOS	1969
BOSCO, PHILIP (I)	AMERICAN PLAYHOUSE	1981
BOSTWICK, BARRY	AMERICAN PLAYHOUSE	1981
BOTTOMS, SAM (I)	APOCALYPSE NOW	1979
BOTTOMS, SAM (I)	THE LAST PICTURE SHOW	1971
BOTTOMS, TIMOTHY	THE LAST PICTURE SHOW	1971
BOWER, TOM (I)	THE WALTONS	1971
BOWER, TOM (I)	AMERICAN PLAYHOUSE	1981
BRADFORD, RICHARD (I)	THE WALTONS	1971
BRANAGH, KENNETH	AMERICAN PLAYHOUSE	1981
BRANDO, MARLON	A STREETCAR NAMED DESIRE	1951
BRANDO, MARLON	APOCALYPSE NOW	1979
BRANDO, MARLON	QUEIMADA	1969
BRANDO, MARLON	SUPERMAN	1978
BRANTLEY, BETSY	AMERICAN PLAYHOUSE	1981
BRENNAN, EILEEN (I)	AMERICAN PLAYHOUSE	1981
BRENNAN, EILEEN (I)	THE LAST PICTURE SHOW	1971
BRIDGES, BEAU (I)	GAILY, GAILY	1969
BRIDGES, BEAU (I)	THE CHRISTIAN LICORICE STORE	1971
BRIDGES, JEFF (I)	THE LAST PICTURE SHOW	1971
BRIDGES, JEFF (I)	HALLS OF ANGER	1970
BRIDGES, TODD (I)	THE WALTONS	1971
BRIGHT, RICHARD (I)	PAT GARRETT & BILLY THE KID	1973
BRIMLEY, WILFORD	THE WALTONS	1971
BRIMLEY, WILFORD	LAWMAN	1971
BROLIN, JAMES	FANTASTIC VOYAGE	1966
BRONSON, CHARLES (I)	C'ERA UNA VOLTA IL WEST	1968
BRONSON, CHARLES (I)	LE PASSAGER DE LA PLUIE	1970
BROOKS SWOPE, TRACY	AMERICAN PLAYHOUSE	1981
BROWN, BLAIR (I)	AMERICAN PLAYHOUSE	1981
BROWNE, ROSCOE LEE	AMERICAN PLAYHOUSE	1981
BURROUGHS, JACKIE (I)	AMERICAN PLAYHOUSE	1981
BURSTYN, ELLEN	THE LAST PICTURE SHOW	1971
BURSTYN, ELLEN	THE EXORCIST	1973
BURTON, KATE (I)	AMERICAN PLAYHOUSE	1981
BUSEY, GARY	WILD IN THE STREETS	1968
BUSFIELD, TIMOTHY	STRIPES	1981
BUSH, OWEN (I)	THE REIVERS	1969
BUSH, OWEN (I)	VALLEY OF THE DOLLS	1967
BUSH, OWEN (I)	ROUSTABOUT	1964
BUSH, OWEN (I)	BONNIE AND CLYDE	1967
BUSH, OWEN (I)	VANISHING POINT	1971
BUSH, TOMMY (I)	THE WALTONS	1971
CALDER, DAVID (I)	SUPERMAN	1978
CALLAN, K	THE WALTONS	1971
CAMP, COLLEEN (I)	APOCALYPSE NOW	1979
CAMPANELLA, FRANK (I)	SECONDS	1966
CAMPANELLA, FRANK (I)	THE GANG THAT COULDN'T SHOOT STRAIGHT	1971
CAMPBELL, J. KENNETH	AMERICAN PLAYHOUSE	1981
CANDY, JOHN	STRIPES	1981
CANDY, JOHN	THE SILENT PARTNER	1978
CANNON, WANDA (I)	AMERICAN PLAYHOUSE	1981
CAPERS, VIRGINIA	THE WALTONS	1971
CAPERS, VIRGINIA	BIG JAKE	1971
CAPERS, VIRGINIA	THE GREAT WHITE HOPE	1970
CAREY JR., HARRY	ONE MORE TIME	1970
CAREY JR., HARRY	SOMETHING BIG	1971
CAREY JR., HARRY	BANDOLERO!	1968
CAREY JR., HARRY	DIRTY DINGUS MAGEE	1970
CAREY JR., HARRY	BIG JAKE	1971
CARIDI, CARMINE	THE GANG THAT COULDN'T SHOOT STRAIGHT	1971
CARLSON, LESLIE	AMERICAN PLAYHOUSE	1981
CARRADINE, ROBERT	THE BIG RED ONE	1980
CARROLL, CHRISTOPHER (I)	THE WALTONS	1971
CARTER, MITCH (I)	THE WALTONS	1971
CARTER, T.K.	THE WALTONS	1971
CARTWRIGHT, VERONICA	ALIEN	1979
CASADOS, ELOY	PIECES OF DREAMS	1970
CASSAVETES, NICK	HUSBANDS	1970
CASSEL, SEYMOUR	THE REVOLUTIONARY	1970
CASTILLO, ENRIQUE (I)	THE WALTONS	1971
CASTILLO, ENRIQUE (I)	AMERICAN PLAYHOUSE	1981
CATLETT, LOYD	THE LAST PICTURE SHOW	1971
CATLETT, MARY JO	THE WALTONS	1971
CATLETT, MARY JO	BANANAS	1971
CHALFANT, KATHLEEN (I)	AMERICAN PLAYHOUSE	1981
CHAMBERS, STEVEN (I)	THE WARRIORS	1979
CHAN, JACKIE (I)	ENTER THE DRAGON	1973
CHAN, JACKIE (I)	JUI KUEN	1978
CHAN, JACKIE (I)	SHI DI CHU MA	1980
CHAN, JACKIE (I)	SHAO LIN MEN	1976
CHAN, JACKIE (I)	QUAN JING	1978
CHAN, LUNG	ENTER THE DRAGON	1973
CHAN, LUNG	GUI DA GUI	1980
CHAN, LUNG	BAI GA JAI	1981
CHAN, LUNG	ZAN XIAN SHENG YU ZHAO QIAN HUA	1978
CHAN, LUNG	SAN DE HUO SHANG YU CHONG MI LIU	1977
CHAN, LUNG	ZA JIA XIAO ZI	1979
CHANDLER, JOHN DAVIS	MAJOR DUNDEE	1965
CHANDLER, JOHN DAVIS	PAT GARRETT & BILLY THE KID	1973
CHANDLER, JOHN DAVIS	BARQUERO	1970
CHANDLER, JOHN DAVIS	DOC HOOKER'S BUNCH	1976
CHANNING, STOCKARD	THE HOSPITAL	1971
CHANNING, STOCKARD	GREASE	1978
CHAPLIN, GERALDINE	DOCTOR ZHIVAGO	1965
CHAPLIN, GERALDINE	THE HAWAIIANS	1970
CHASE, CHEVY	OH HEAVENLY DOG	1980
CHAUVIN, LILYAN	KING CREOLE	1958
CHAYKIN, MAURY	AMERICAN PLAYHOUSE	1981
CHEUNG, WAH	SHI DI CHU MA	1980
CHEUNG, WAH	SAN DE HUO SHANG YU CHONG MI LIU	1977
CHIN, WELLSON	GUI DA GUI	1980
CHIN, WELLSON	BAI GA JAI	1981
CHIN, WELLSON	LIN SHI RONG	1979
CHOW, KAM KONG	SHI DI CHU MA	1980
CHOW, KAM KONG	GUI DA GUI	1980
CHOW, KAM KONG	LIN SHI RONG	1979
CHRISTIE, JULIE (I)	DOCTOR ZHIVAGO	1965
CHUN, PAUL	THE SAND PEBBLES	1966
CHUNG, FAT	ENTER THE DRAGON	1973
CHUNG, FAT	GUI DA GUI	1980
CHUNG, FAT	BAI GA JAI	1981
CHUNG, FAT	LIN SHI RONG	1979
CHUNG, FAT	ZAN XIAN SHENG YU ZHAO QIAN HUA	1978
CHUNG, FAT	SAN DE HUO SHANG YU CHONG MI LIU	1977
CHUNG, FAT	ZA JIA XIAO ZI	1979
CLARK, DICK (I)	WILD IN THE STREETS	1968
CLARK, MATT (I)	THE WALTONS	1971
CLARK, MATT (I)	PAT GARRETT & BILLY THE KID	1973
CLAYBURGH, JILL	THE WEDDING PARTY	1969
CLOTWORTHY, ROBERT	THE WALTONS	1971
COBURN, JAMES (I)	MAJOR DUNDEE	1965
COBURN, JAMES (I)	PAT GARRETT & BILLY THE KID	1973
COE, GEORGE	AMERICAN PLAYHOUSE	1981
COFFIN, FREDERICK	AMERICAN PLAYHOUSE	1981
COLE, GARY (I)	AMERICAN PLAYHOUSE	1981
COLLINS, STEPHEN (I)	THE WALTONS	1971
COLLINS, STEPHEN (I)	STAR TREK: THE MOTION PICTURE	1979
COMBS, JEFFREY	AMERICAN PLAYHOUSE	1981
CONAWAY, JEFF	GREASE	1978
CONNERY, SEAN	THE MOLLY MAGUIRES	1970
CONROY, FRANCES	AMERICAN PLAYHOUSE	1981
CONSTANTINE, MICHAEL	THE REIVERS	1969
CONSTANTINE, MICHAEL	SKIDOO	1968
CONSTANTINE, MICHAEL	AMERICAN PLAYHOUSE	1981
COOGAN, KEITH	THE WALTONS	1971
COOPER, CHRIS (I)	AMERICAN PLAYHOUSE	1981
COPELAND, JOAN (I)	AMERICAN PLAYHOUSE	1981
COPPOLA, FRANCIS FORD	APOCALYPSE NOW	1979
COPPOLA, MARC	APOCALYPSE NOW	1979
COPPOLA, SAM (II)	THE GANG THAT COULDN'T SHOOT STRAIGHT	1971
COPPOLA, SAM (II)	SATURDAY NIGHT FEVER	1977
CORBIN, BARRY	AMERICAN PLAYHOUSE	1981
COREY, JEFF (I)	SECONDS	1966
COREY, JEFF (I)	LITTLE BIG MAN	1970
COREY, JEFF (I)	IMPASSE	1969
COREY, JEFF (I)	THEY CALL ME MISTER TIBBS!	1970
COREY, JEFF (I)	CATLOW	1971
CORT, BUD	GAS! -OR- IT BECAME NECESSARY TO DESTROY THE WORLD IN ORDER TO SAVE IT.	1970
CORT, BUD	WHY SHOOT THE TEACHER?	1977
CORT, BUD	MASH	1970
COSTANZO, ROBERT	SATURDAY NIGHT FEVER	1977
COURTENAY, TOM	DOCTOR ZHIVAGO	1965
COURTENAY, TOM	OPERATION CROSSBOW	1965
COWLES, MATTHEW	THE HOSPITAL	1971
COYOTE, PETER	AMERICAN PLAYHOUSE	1981
CRANSHAW, PATRICK	BANDOLERO!	1968
CRANSHAW, PATRICK	BONNIE AND CLYDE	1967
CRAVEN, MATT (I)	AMERICAN PLAYHOUSE	1981
CRENNA, RICHARD	CATLOW	1971
CRENNA, RICHARD	THE SAND PEBBLES	1966
CRISCUOLO, LOU	THE GANG THAT COULDN'T SHOOT STRAIGHT	1971
CROMBIE, PETER (I)	AMERICAN PLAYHOUSE	1981
CRYER, JON	AMERICAN PLAYHOUSE	1981
CULLUM, JOHN (I)	AMERICAN PLAYHOUSE	1981
CULLUM, JOHN (I)	1776	1972
CULP, ROBERT	KILLJOY	1981
CURTIN, JANE	AMERICAN PLAYHOUSE	1981
CURTIS BROWN, ROBERT	AMERICAN PLAYHOUSE	1981
CUSACK, SINÈAD	THE BALLAD OF TAM LIN	1970
CUTELL, LOU	LITTLE BIG MAN	1970
DAHLGREN, TOM	AMERICAN PLAYHOUSE	1981
DALLESANDRO, JOE	BLOOD FOR DRACULA	1974
DALLESANDRO, JOE	FLESH FOR FRANKENSTEIN	1973
DALTON, TIMOTHY (I)	MARY, QUEEN OF SCOTS	1971
DALY, TIM (I)	AMERICAN PLAYHOUSE	1981
DALY, TYNE	ANGEL UNCHAINED	1970
DANIELS, ANTHONY (I)	STAR WARS: EPISODE V - THE EMPIRE STRIKES BACK	1980
DANIELS, ANTHONY (I)	STAR WARS	1977
DANIELS, JEFF (I)	AMERICAN PLAYHOUSE	1981
DANNER, BLYTHE	1776	1972
DARROW, HENRY	THE WALTONS	1971
DARROW, HENRY	AMERICAN PLAYHOUSE	1981
DAVID, KEITH (I)	AMERICAN PLAYHOUSE	1981
DAVIS, JUDY (I)	AMERICAN PLAYHOUSE	1981
DAVIS, OSSIE	SAM WHISKEY	1969
DAVISON, BRUCE	THE WALTONS	1971
DE KEYSER, DAVID	SUPERMAN	1978
DE LA PAZ, DANNY (I)	AMERICAN PLAYHOUSE	1981
DE NIRO, ROBERT	THE WEDDING PARTY	1969
DE NIRO, ROBERT	THE GANG THAT COULDN'T SHOOT STRAIGHT	1971
DEE, RUBY (I)	AMERICAN PLAYHOUSE	1981
DELANO, MICHAEL	CATLOW	1971
DELUISE, DOM	WHO IS HARRY KELLERMAN AND WHY IS HE SAYING THOSE TERRIBLE THINGS ABOUT ME?	1971
DEMUNN, JEFFREY	AMERICAN PLAYHOUSE	1981
DENEUVE, CATHERINE	MAYERLING	1968
DENEUVE, CATHERINE	TRISTANA	1970
DERN, BRUCE	THE WILD ANGELS	1966
DERN, BRUCE	PAT GARRETT & BILLY THE KID	1973
DERN, BRUCE	THE INCREDIBLE 2-HEADED TRANSPLANT	1971
DERN, BRUCE	NUMBER ONE	1969
DEVANE, WILLIAM	THE PURSUIT OF HAPPINESS	1971
DEVITO, DANNY	BANANAS	1971
DEVRIES, JON	AMERICAN PLAYHOUSE	1981
DEW, MARTIN	STAR WARS: EPISODE V - THE EMPIRE STRIKES BACK	1980
DIAMOND, DUSTIN	AMERICAN PLAYHOUSE	1981
DICENZO, GEORGE	THE WALTONS	1971
DICKINSON, ANGIE	SAM WHISKEY	1969
DIEHL, JOHN	STRIPES	1981
DIETZ, EILEEN	THE EXORCIST	1973
DILLON, MATT (I)	AMERICAN PLAYHOUSE	1981
DIMITRI, NICK	THE MOLLY MAGUIRES	1970
DIO, BOB	AMERICAN PLAYHOUSE	1981
DISHY, BOB	AMERICAN PLAYHOUSE	1981
DITSON, HARRY	AMERICAN PLAYHOUSE	1981
DOBTCHEFF, VERNON	MARY, QUEEN OF SCOTS	1971
DOOLEY, PAUL	AMERICAN PLAYHOUSE	1981
DOUGLAS, KIRK (I)	SKIDOO	1968
DOUGLAS, KIRK (I)	THE BROTHERHOOD	1968
DOUGLAS, MICHAEL (I)	ADAM AT SIX A.M.	1970
DOUGLAS, MICHAEL (I)	SUMMERTREE	1971
DOUGLAS, SARAH (I)	THE BRUTE	1977
DOUGLAS, SARAH (I)	SUPERMAN	1978
DRAKE, LARRY (I)	AMERICAN PLAYHOUSE	1981
DRESCHER, FRAN	SATURDAY NIGHT FEVER	1977
DRESCHER, FRAN	STRANGER IN OUR HOUSE	1978
DREYFUSS, RICHARD	VALLEY OF THE DOLLS	1967
DRIER, MOOSIE	THE WALTONS	1971
DRUMMOND, ALICE	AMERICAN PLAYHOUSE	1981
DUELL, WILLIAM	1776	1972
DUFFIN, SHAY	AMERICAN PLAYHOUSE	1981
DUFFY, JACK (II)	THE SILENT PARTNER	1978
DUGAN, DENNIS (I)	THE WALTONS	1971
DUGAN, DENNIS (I)	THE HOSPITAL	1971
DUKAKIS, OLYMPIA	AMERICAN PLAYHOUSE	1981
DUKE, BILL (I)	AMERICAN PLAYHOUSE	1981
DUKE, PATTY	VALLEY OF THE DOLLS	1967
DUKES, DAVID (I)	AMERICAN PLAYHOUSE	1981
DUNAWAY, FAYE	LITTLE BIG MAN	1970
DUNAWAY, FAYE	BONNIE AND CLYDE	1967
DUNN, CONRAD	STRIPES	1981
DUPOIS, STARLETTA	AMERICAN PLAYHOUSE	1981
DURNING, CHARLES	I WALK THE LINE	1970
DURNING, CHARLES	AMERICAN PLAYHOUSE	1981
DURNING, CHARLES	THE PURSUIT OF HAPPINESS	1971
DUVALL, ROBERT	LAWMAN	1971
DUVALL, ROBERT	APOCALYPSE NOW	1979
DUVALL, ROBERT	THE REVOLUTIONARY	1970
DUVALL, ROBERT	MASH	1970
DUVALL, ROBERT	THX 1138	1971
DZUNDZA, GEORGE	THE WALTONS	1971
EASTIN, STEVE (I)	THE WALTONS	1971
EASTON, ROBERT (I)	PAINT YOUR WAGON	1969
EASTON, ROBERT (I)	VOYAGE TO THE BOTTOM OF THE SEA	1961
EASTWOOD, CLINT	PAINT YOUR WAGON	1969
EASTWOOD, CLINT	PER UN PUGNO DI DOLLARI	1964
ECKHOUSE, JAMES	AMERICAN PLAYHOUSE	1981
EFRON, MARSHALL	THX 1138	1971
EGGAR, SAMANTHA	WHY SHOOT THE TEACHER?	1977
EGGAR, SAMANTHA	THE MOLLY MAGUIRES	1970
ELIZONDO, HECTOR (I)	AMERICAN PLAYHOUSE	1981
ELIZONDO, HECTOR (I)	VALDEZ IS COMING	1971
EMMICH, CLIFF	GAILY, GAILY	1969
ENSIGN, MICHAEL	SUPERMAN	1978
EPPER, TONY (I)	VALDEZ IS COMING	1971
EPPER, TONY (I)	PAINT YOUR WAGON	1969
ERMEY, R. LEE	APOCALYPSE NOW	1979
ERWIN, BILL	HOW AWFUL ABOUT ALLAN	1970
ERWIN, BILL	HUCKLEBERRY FINN	1975
ERWIN, BILL	THE WALTONS	1971
ESPOSITO, GIANCARLO (I)	AMERICAN PLAYHOUSE	1981
ESTRADA, ERIK (I)	CHROME AND HOT LEATHER	1971
EVANS, ART (I)	AMERICAN PLAYHOUSE	1981
FALK, PETER (I)	HUSBANDS	1970
FALK, PETER (I)	LO SBARCO DI ANZIO	1968
FANCY, RICHARD	AMERICAN PLAYHOUSE	1981
FARGAS, ANTONIO	HUCKLEBERRY FINN	1975
FARINA, DENNIS	AMERICAN PLAYHOUSE	1981
FARMER, GARY (I)	AMERICAN PLAYHOUSE	1981
FERRARA, FRANK (I)	THE WARRIORS	1979
FERRELL, CONCHATA	AMERICAN PLAYHOUSE	1981
FIELDER, HARRY (I)	MURPHY'S WAR	1971
FIELDER, HARRY (I)	HUSBANDS	1970
FIELDER, HARRY (I)	STAR WARS	1977
FIELDER, HARRY (I)	SALT AND PEPPER	1968
FIELDER, HARRY (I)	THE REVOLUTIONARY	1970
FIELDER, HARRY (I)	CRY OF THE BANSHEE	1970
FIELDER, HARRY (I)	FRANKENSTEIN MUST BE DESTROYED	1969
FIELDER, HARRY (I)	SUPERMAN	1978
FINK, JOHN (I)	THE WALTONS	1971
FINLAY, FRANK	THE MOLLY MAGUIRES	1970
FINNEY, ALBERT	LOOPHOLE	1981
FISHBURNE, LAURENCE	AMERICAN PLAYHOUSE	1981
FISHBURNE, LAURENCE	APOCALYPSE NOW	1979
FISHER, CARRIE (I)	STAR WARS: EPISODE V - THE EMPIRE STRIKES BACK	1980
FISHER, CARRIE (I)	STAR WARS	1977
FLAHERTY, JOE (I)	STRIPES	1981
FLANAGAN, FIONNULA	SINFUL DAVEY	1969
FLECK, JOHN (I)	AMERICAN PLAYHOUSE	1981
FLYNN, MICHAEL (I)	STRIPES	1981
FOLEY, DAVE (I)	AMERICAN PLAYHOUSE	1981
FONDA, PETER (I)	THE WILD ANGELS	1966
FONDA, PETER (I)	THE HIRED HAND	1971
FORD, HARRISON (I)	APOCALYPSE NOW	1979
FORD, HARRISON (I)	STAR WARS: EPISODE V - THE EMPIRE STRIKES BACK	1980
FORD, HARRISON (I)	STAR WARS	1977
FORREST, FREDERIC	AMERICAN PLAYHOUSE	1981
FORREST, FREDERIC	APOCALYPSE NOW	1979
FORSTER, ROBERT (I)	PIECES OF DREAMS	1970
FOSTER, MEG (I)	ADAM AT SIX A.M.	1970
FOX, JAMES (I)	PERFORMANCE	1970
FRAKES, JONATHAN	THE WALTONS	1971
FRANKEN, STEVE	NUMBER ONE	1969
FRANKLYN-ROBBINS, JOHN	THE BRUTE	1977
FRANZ, ELIZABETH	AMERICAN PLAYHOUSE	1981
FRENCH, BRUCE (I)	THE WALTONS	1971
FRENCH, LEIGH	WUSA	1970
FREWER, MATT	AMERICAN PLAYHOUSE	1981
FRICKER, BRENDA	SINFUL DAVEY	1969
FRIESEN, JOHN (I)	WHY SHOOT THE TEACHER?	1977
FUNG, HARK-ON	LIN SHI RONG	1979
FUNG, HARK-ON	ZAN XIAN SHENG YU ZHAO QIAN HUA	1978
FUNG, HARK-ON	SAN DE HUO SHANG YU CHONG MI LIU	1977
FUNG, HARK-ON	SHI DI CHU MA	1980
FUREY, JOHN	THE WALTONS	1971
GAIL, MAX	THE ORGANIZATION	1971
GAINES, BOYD	AMERICAN PLAYHOUSE	1981
GALLAGHER, PETER (I)	AMERICAN PLAYHOUSE	1981
GALLIGAN, ZACH	AMERICAN PLAYHOUSE	1981
GAMMON, JAMES (I)	THE WALTONS	1971
GAMMON, JAMES (I)	AMERICAN PLAYHOUSE	1981
GAMMON, JAMES (I)	A MAN CALLED HORSE	1970
GANN, MERRILYN	WHY SHOOT THE TEACHER?	1977
GARBER, VICTOR	AMERICAN PLAYHOUSE	1981
GARCIA, JSU	AMERICAN PLAYHOUSE	1981
GARFIELD, ALLEN	BANANAS	1971
GARFIELD, ALLEN	THE ORGANIZATION	1971
GARO, ARMEN	AMERICAN PLAYHOUSE	1981
GARR, TERI	ROUSTABOUT	1964
GARR, TERI	FUN IN ACAPULCO	1963
GARR, TERI	SUMMERTREE	1971
GARRETT, SPENCER (I)	AMERICAN PLAYHOUSE	1981
GARSON, WILLIE	AMERICAN PLAYHOUSE	1981
GAZZARA, BEN (I)	HUSBANDS	1970
GEDRICK, JASON	AMERICAN PLAYHOUSE	1981
GEER, ELLEN	THE WALTONS	1971
GEER, ELLEN	THE REIVERS	1969
GEER, KEVIN	THE WALTONS	1971
GERETY, PETER	AMERICAN PLAYHOUSE	1981
GIANNINI, GIANCARLO	THE SECRET OF SANTA VITTORIA	1969
GIANNINI, GIANCARLO	LO SBARCO DI ANZIO	1968
GIBB, DONALD	STRIPES	1981
GIBSON, MEG	AMERICAN PLAYHOUSE	1981
GIELGUD, JOHN	BECKET	1964
GILLIAM, BURTON	THE WALTONS	1971
GIMPEL, ERICA	AMERICAN PLAYHOUSE	1981
GLEASON, JOANNA (I)	AMERICAN PLAYHOUSE	1981
GLENN, SCOTT (I)	APOCALYPSE NOW	1979
GLOVER, DANNY (I)	AMERICAN PLAYHOUSE	1981
GLOVER, JOHN (I)	AMERICAN PLAYHOUSE	1981
GLOVER, JULIAN (I)	STAR WARS: EPISODE V - THE EMPIRE STRIKES BACK	1980
GLOVER, JULIAN (I)	THE BRUTE	1977
GOING, JOANNA	AMERICAN PLAYHOUSE	1981
GOLDBLUM, JEFF	AMERICAN PLAYHOUSE	1981
GOLDEN, ANNIE	AMERICAN PLAYHOUSE	1981
GORMAN, PATRICK (I)	THE WALTONS	1971
GORSHIN, FRANK (I)	SKIDOO	1968
GOSSETT JR., LOUIS	AMERICAN PLAYHOUSE	1981
GOUGH, MICHAEL (I)	CURSE OF THE CRIMSON ALTAR	1968
GOUGH, MICHAEL (I)	THE CORPSE	1971
GOULD, ELLIOTT	THE SILENT PARTNER	1978
GOULD, ELLIOTT	THE NIGHT THEY RAIDED MINSKY'S	1968
GOULD, ELLIOTT	MASH	1970
GOULD, HAROLD (I)	AMERICAN PLAYHOUSE	1981
GRACE, NICKOLAS	THE CITY OF THE DEAD	1960
GRADELET, YVONNE	BORSALINO	1970
GRANT, DAVID MARSHALL	AMERICAN PLAYHOUSE	1981
GRANT, LEE (I)	VALLEY OF THE DOLLS	1967
GRANT, LEE (I)	PLAZA SUITE	1971
GREGORY, CONSTANTINE	THE REVOLUTIONARY	1970
GREGORY, CONSTANTINE	LOOPHOLE	1981
GREGORY, CONSTANTINE	THE MCKENZIE BREAK	1970
GROSS, ARYE	AMERICAN PLAYHOUSE	1981
GRUBBS, GARY	THE WALTONS	1971
GUEST, CHRISTOPHER (I)	THE HOSPITAL	1971
GUILFOYLE, PAUL (II)	AMERICAN PLAYHOUSE	1981
GUINAN, FRANCIS	AMERICAN PLAYHOUSE	1981
GULAGER, CLU (I)	THE LAST PICTURE SHOW	1971
HACKMAN, GENE	BONNIE AND CLYDE	1967
HACKMAN, GENE	SUPERMAN	1978
HAGEN, ROSS	THE ORGANIZATION	1971
HAGEN, ROSS	THE DEVIL'S 8	1969
HAGERTY, JULIE	AMERICAN PLAYHOUSE	1981
HAGON, GARRICK	STAR WARS	1977
HAHN, ARCHIE	AMERICAN PLAYHOUSE	1981
HAIG, SID (I)	THX 1138	1971
HALEY, JACKIE EARLE	THE WALTONS	1971
HALEY, JACKIE EARLE	AMERICAN PLAYHOUSE	1981
HALL, ALBERT (I)	APOCALYPSE NOW	1979
HALL, PHILIP BAKER	THE WALTONS	1971
HALLAHAN, CHARLES	THE WALTONS	1971
HAMILL, MARK (I)	STAR WARS	1977
HAMILL, MARK (I)	THE BIG RED ONE	1980
HAMILL, MARK (I)	STAR WARS: EPISODE V - THE EMPIRE STRIKES BACK	1980
HAMILTON, GEORGE (I)	ELVIS: THAT'S THE WAY IT IS	1970
HAMILTON, JOSH (I)	AMERICAN PLAYHOUSE	1981
HAMILTON, RICHARD (I)	AMERICAN PLAYHOUSE	1981
HAMILTON, RICHARD (I)	THE HOSPITAL	1971
HARDISON, KADEEM	AMERICAN PLAYHOUSE	1981
HARRELL, JAMES N.	AMERICAN PLAYHOUSE	1981
HARRINGTON, AL (I)	THE HAWAIIANS	1970
HARRIS, ED (I)	AMERICAN PLAYHOUSE	1981
HARRIS, JULIE (I)	HOW AWFUL ABOUT ALLAN	1970
HARRIS, JULIE (I)	EAST OF EDEN	1955
HARRIS, RICHARD (I)	MAJOR DUNDEE	1965
HARRIS, RICHARD (I)	THE MOLLY MAGUIRES	1970
HARRIS, RICHARD (I)	A MAN CALLED HORSE	1970
HARRIS, ROSEMARY (I)	AMERICAN PLAYHOUSE	1981
HARRISON, GEORGE (I)	A.K.A. CASSIUS CLAY	1970
HART, ROXANNE	AMERICAN PLAYHOUSE	1981
HAYES, ISAAC (I)	AMERICAN PLAYHOUSE	1981
HAYSBERT, DENNIS	AMERICAN PLAYHOUSE	1981
HEATON, TOM (I)	BANDOLERO!	1968
HENDERSON, STEPHEN (I)	AMERICAN PLAYHOUSE	1981
HERRMANN, EDWARD	AMERICAN PLAYHOUSE	1981
HERSHEY, BARBARA	THE PURSUIT OF HAPPINESS	1971
HERSHEY, BARBARA	AMERICAN PLAYHOUSE	1981
HESSEMAN, HOWARD	THE CHRISTIAN LICORICE STORE	1971
HESTON, CHARLTON	MAJOR DUNDEE	1965
HESTON, CHARLTON	TOUCH OF EVIL	1958
HESTON, CHARLTON	THE HAWAIIANS	1970
HESTON, CHARLTON	NUMBER ONE	1969
HEYMAN, BARTON	AMERICAN PLAYHOUSE	1981
HEYMAN, BARTON	VALDEZ IS COMING	1971
HEYMAN, BARTON	THE EXORCIST	1973
HEYMAN, BARTON	LET'S SCARE JESSICA TO DEATH	1971
HICKEY, WILLIAM (I)	LITTLE BIG MAN	1970
HICKS, CHUCK (I)	SOMETHING BIG	1971
HICKS, CHUCK (I)	REBEL WITHOUT A CAUSE	1955
HICKS, CHUCK (I)	THE MOLLY MAGUIRES	1970
HIGGINS, ANTHONY (I)	TASTE THE BLOOD OF DRACULA	1970
HIGGINS, MICHAEL (I)	AMERICAN PLAYHOUSE	1981
HILL, DULÈ	AMERICAN PLAYHOUSE	1981
HILL, HARRY (I)	OH HEAVENLY DOG	1980
HINGLE, PAT	AMERICAN PLAYHOUSE	1981
HINGLE, PAT	WUSA	1970
HITLER, ADOLF	AMERICAN PLAYHOUSE	1981
HO, PAK-KWONG	GUI DA GUI	1980
HO, PAK-KWONG	LIN SHI RONG	1979
HO, PAK-KWONG	ZA JIA XIAO ZI	1979
HOFFMAN, BASIL	THE WALTONS	1971
HOFFMAN, DUSTIN	LITTLE BIG MAN	1970
HOFFMAN, DUSTIN	WHO IS HARRY KELLERMAN AND WHY IS HE SAYING THOSE TERRIBLE THINGS ABOUT ME?	1971
HOLBROOK, HAL	THE BROTHERHOOD	1968
HOLBROOK, HAL	THE GREAT WHITE HOPE	1970
HOLBROOK, HAL	WILD IN THE STREETS	1968
HOLM, IAN	MARY, QUEEN OF SCOTS	1971
HOLM, IAN	ALIEN	1979
HONG, JAMES (I)	AMERICAN PLAYHOUSE	1981
HONG, JAMES (I)	THE HAWAIIANS	1970
HONG, JAMES (I)	THE SAND PEBBLES	1966
HOOTKINS, WILLIAM	STAR WARS	1977
HOOTKINS, WILLIAM	AMERICAN PLAYHOUSE	1981
HOPE, LESLIE (I)	AMERICAN PLAYHOUSE	1981
HOPPER, DENNIS	APOCALYPSE NOW	1979
HOPPER, DENNIS	REBEL WITHOUT A CAUSE	1955
HORSFORD, ANNA MARIA	AMERICAN PLAYHOUSE	1981
HOUSTON, GARY (I)	AMERICAN PLAYHOUSE	1981
HOWARD, CLINT	HUCKLEBERRY FINN	1975
HOWARD, JEAN SPEEGLE	HUCKLEBERRY FINN	1975
HOWARD, KEN (I)	1776	1972
HOWARD, KEN (I)	AMERICAN PLAYHOUSE	1981
HOWARD, RANCE	HUCKLEBERRY FINN	1975
HOWARD, RANCE	THE WALTONS	1971
HOWARD, RON (I)	THE WALTONS	1971
HOWARD, RON (I)	HUCKLEBERRY FINN	1975
HUDDLESTON, DAVID (I)	THE WALTONS	1971
HUDDLESTON, DAVID (I)	SOMETHING BIG	1971
HUDDLESTON, DAVID (I)	WUSA	1970
HUGHES, BARNARD	COLD TURKEY	1971
HUGHES, BARNARD	AMERICAN PLAYHOUSE	1981
HUGHES, BARNARD	THE PURSUIT OF HAPPINESS	1971
HUGHES, BARNARD	THE HOSPITAL	1971
HUMPHREY, MARK (I)	AMERICAN PLAYHOUSE	1981
HUNG, SAMMO KAM-BO	ENTER THE DRAGON	1973
HUNG, SAMMO KAM-BO	GUI DA GUI	1980
HUNG, SAMMO KAM-BO	BAI GA JAI	1981
HUNG, SAMMO KAM-BO	LIN SHI RONG	1979
HUNG, SAMMO KAM-BO	ZAN XIAN SHENG YU ZHAO QIAN HUA	1978
HUNG, SAMMO KAM-BO	SAN DE HUO SHANG YU CHONG MI LIU	1977
HUNG, SAMMO KAM-BO	SHAO LIN MEN	1976
HUNG, SAMMO KAM-BO	ZA JIA XIAO ZI	1979
HUNT, BONNIE	AMERICAN PLAYHOUSE	1981
HUNT, HELEN (I)	AMERICAN PLAYHOUSE	1981
HUNT, LINDA (I)	AMERICAN PLAYHOUSE	1981
HUNTER, KIM (I)	AMERICAN PLAYHOUSE	1981
HUNTER, KIM (I)	A STREETCAR NAMED DESIRE	1951
HUNTER, KIM (I)	A MATTER OF LIFE AND DEATH	1946
HURSEY, SHERRY (I)	THE WALTONS	1971
HURT, JOHN	ALIEN	1979
HURT, JOHN	SINFUL DAVEY	1969
HUSTON, ANJELICA	SINFUL DAVEY	1969
HUTTON, LAUREN	PIECES OF DREAMS	1970
HYLANDS, SCOTT	THE WALTONS	1971
ITZIN, GREGORY	AMERICAN PLAYHOUSE	1981
IVANEK, ZELJKO	AMERICAN PLAYHOUSE	1981
IVEY, DANA	AMERICAN PLAYHOUSE	1981
IVEY, JUDITH	AMERICAN PLAYHOUSE	1981
JAGGER, MICK	PERFORMANCE	1970
JAMES, BRION (I)	THE WALTONS	1971
JAMES, BRION (I)	AMERICAN PLAYHOUSE	1981
JAMES, CLIFTON (I)	THE REIVERS	1969
JAMES, CLIFTON (I)	WUSA	1970
JANIS, CONRAD	THE WALTONS	1971
JARVIS, MARTIN	TASTE THE BLOOD OF DRACULA	1970
JENKINS, RICHARD (I)	AMERICAN PLAYHOUSE	1981
JENNINGS, BRENT (I)	AMERICAN PLAYHOUSE	1981
JOHNSON, BEN (I)	MAJOR DUNDEE	1965
JOHNSON, BEN (I)	SOMETHING BIG	1971
JOHNSON, BEN (I)	THE LAST PICTURE SHOW	1971
JOHNSON, GUSTAVE	THE GANG THAT COULDN'T SHOOT STRAIGHT	1971
JOHNSON, PENNY (I)	AMERICAN PLAYHOUSE	1981
JONES, FREDDIE (I)	FRANKENSTEIN MUST BE DESTROYED	1969
JONES, JAMES EARL	DR. STRANGELOVE OR: HOW I LEARNED TO STOP WORRYING AND LOVE THE BOMB	1964
JONES, JAMES EARL	STAR WARS	1977
JONES, JAMES EARL	AMERICAN PLAYHOUSE	1981
JONES, JAMES EARL	STAR WARS: EPISODE V - THE EMPIRE STRIKES BACK	1980
JONES, JAMES EARL	THE GREAT WHITE HOPE	1970
JONES, JEFFREY (I)	THE REVOLUTIONARY	1970
JONES, L.Q.	MAJOR DUNDEE	1965
JONES, L.Q.	PAT GARRETT & BILLY THE KID	1973
JONES, L.Q.	STAY AWAY, JOE	1968
JONES, NICHOLAS (I)	THE CORPSE	1971
JONES, TOMMY LEE	LOVE STORY	1970
JOSHUA, LARRY	AMERICAN PLAYHOUSE	1981
JOY, ROBERT (I)	AMERICAN PLAYHOUSE	1981
KAHAN, STEVE	SUPERMAN	1978
KANE, CAROL (I)	AMERICAN PLAYHOUSE	1981
KAREN, JAMES	THE WALTONS	1971
KARTALIAN, BUCK	DEVIL'S ANGELS	1967
KARTALIAN, BUCK	STAY AWAY, JOE	1968
KATSULAS, ANDREAS	AMERICAN PLAYHOUSE	1981
KAVANAGH, JOHN (I)	THE MCKENZIE BREAK	1970
KAY, UNA	OH HEAVENLY DOG	1980
KEANE, JAMES (I)	APOCALYPSE NOW	1979
KEITH, BRIAN (I)	SOMETHING BIG	1971
KEITH, BRIAN (I)	GAILY, GAILY	1969
KEITH, BRIAN (I)	THE MCKENZIE BREAK	1970
KELLERMAN, SALLY	MASH	1970
KELLERMANN, SUSAN	OH HEAVENLY DOG	1980
KELLY, DAVID (I)	THE MCKENZIE BREAK	1970
KELLY, DAVID PATRICK	AMERICAN PLAYHOUSE	1981
KELLY, DAVID PATRICK	THE WARRIORS	1979
KENNEDY, GEORGE (I)	GAILY, GAILY	1969
KENNEDY, GEORGE (I)	BANDOLERO!	1968
KENNEDY, GEORGE (I)	DIRTY DINGUS MAGEE	1970
KENNEDY, MIMI	AMERICAN PLAYHOUSE	1981
KENT, ALLAN	ENTER THE DRAGON	1973
KEYES, IRWIN	THE WARRIORS	1979
KIDDER, MARGOT	GAILY, GAILY	1969
KIDDER, MARGOT	SUPERMAN	1978
KIDNIE, JAMES	AMERICAN PLAYHOUSE	1981
KIER, UDO	FLESH FOR FRANKENSTEIN	1973
KIER, UDO	BLOOD FOR DRACULA	1974
KILPATRICK, PATRICK	AMERICAN PLAYHOUSE	1981
KIM, RANDALL DUK	THE HAWAIIANS	1970
KINGI, HENRY	HALLS OF ANGER	1970
KINNEY, TERRY	AMERICAN PLAYHOUSE	1981
KLEIN, ROBERT (I)	THE PURSUIT OF HAPPINESS	1971
KOTTO, YAPHET	ALIEN	1979
KRISTOFFERSON, KRIS (I)	PAT GARRETT & BILLY THE KID	1973
KURTZ, MARCIA JEAN	AMERICAN PLAYHOUSE	1981
KURTZ, SWOOSIE	AMERICAN PLAYHOUSE	1981
LADD, CHERYL	CHROME AND HOT LEATHER	1971
LADD, DIANE	THE REIVERS	1969
LADD, DIANE	THE WILD ANGELS	1966
LADD, DIANE	WUSA	1970
LAHTI, CHRISTINE (I)	AMERICAN PLAYHOUSE	1981
LAI, KEUNG-KUEN	SHI DI CHU MA	1980
LAM, CHING-YING	GUI DA GUI	1980
LAM, CHING-YING	BAI GA JAI	1981
LAM, CHING-YING	LIN SHI RONG	1979
LAM, CHING-YING	ZAN XIAN SHENG YU ZHAO QIAN HUA	1978
LAM, CHING-YING	SAN DE HUO SHANG YU CHONG MI LIU	1977
LAM, CHING-YING	ZA JIA XIAO ZI	1979
LAMAS, LORENZO	GREASE	1978
LANDAU, MARTIN	THEY CALL ME MISTER TIBBS!	1970
LANDERS, MATT	AMERICAN PLAYHOUSE	1981
LANG, STEPHEN (I)	AMERICAN PLAYHOUSE	1981
LANSBURY, ANGELA	BLUE HAWAII	1961
LARROQUETTE, JOHN	STRIPES	1981
LASSER, LOUISE	BANANAS	1971
LAUTER, ED	THE WALTONS	1971
LAW, JOHN PHILLIP	VON RICHTHOFEN AND BROWN	1971
LAW, JOHN PHILLIP	SKIDOO	1968
LAW, JOHN PHILLIP	THE HAWAIIANS	1970
LAW, JOHN PHILLIP	DA UOMO A UOMO	1967
LAWSON, ERIC (I)	THE WALTONS	1971
LEACHMAN, CLORIS	THE LAST PICTURE SHOW	1971
LEACHMAN, CLORIS	WUSA	1970
LEACHMAN, CLORIS	AMERICAN PLAYHOUSE	1981
LEAKE, DAMIEN	AMERICAN PLAYHOUSE	1981
LEAKE, DAMIEN	APOCALYPSE NOW	1979
LEBELL, GENE	BLUE HAWAII	1961
LEE, CHRISTOPHER (I)	ONE MORE TIME	1970
LEE, CHRISTOPHER (I)	DIAGNOSIS: MURDER	1975
LEE, CHRISTOPHER (I)	THE CITY OF THE DEAD	1960
LEE, CHRISTOPHER (I)	TASTE THE BLOOD OF DRACULA	1970
LEE, CHRISTOPHER (I)	CURSE OF THE CRIMSON ALTAR	1968
LEE, CHRISTOPHER (I)	SCOTT OF THE ANTARCTIC	1948
LEE, CHRISTOPHER (I)	SCREAM AND SCREAM AGAIN	1970
LEE, CHRISTOPHER (I)	THE OBLONG BOX	1969
LEE, CHRISTOPHER (I)	THE HOUSE THAT DRIPPED BLOOD	1971
LEE, HOI SANG	BAI GA JAI	1981
LEE, HOI SANG	LIN SHI RONG	1979
LEE, HOI SANG	ZAN XIAN SHENG YU ZHAO QIAN HUA	1978
LEE, HOI SANG	SI WANG TA	1981
LEE, HOI SANG	SHI DI CHU MA	1980
LEE, HOI SANG	ZA JIA XIAO ZI	1979
LEE, KAIULANI	THE WALTONS	1971
LEE, KAIULANI	AMERICAN PLAYHOUSE	1981
LEGAULT, LANCE	STRIPES	1981
LEGAULT, LANCE	ROUSTABOUT	1964
LEGAULT, LANCE	GIRLS! GIRLS! GIRLS!	1962
LEIBMAN, RON	AMERICAN PLAYHOUSE	1981
LEIGH, JENNIFER JASON	THE WALTONS	1971
LENNON, JOHN (I)	A.K.A. CASSIUS CLAY	1970
LEROY, GLORIA	THE NIGHT THEY RAIDED MINSKY'S	1968
LEROY, GLORIA	COLD TURKEY	1971
LEROY, GLORIA	THE GANG THAT COULDN'T SHOOT STRAIGHT	1971
LEVY, PHILIP (I)	AMERICAN PLAYHOUSE	1981
LEWIS, GEOFFREY (I)	THE WALTONS	1971
LIBERTINI, RICHARD	THE NIGHT THEY RAIDED MINSKY'S	1968
LIBERTINI, RICHARD	AMERICAN PLAYHOUSE	1981
LIEBER, MIMI	GREASE	1978
LINDEN, HAL	GOJIRA, EBIR‚, MOSURA: NANKAI NO DAIKETTO	1966
LINEBACK, RICHARD	THE WALTONS	1971
LIU, CHIA YUNG (I)	ZAN XIAN SHENG YU ZHAO QIAN HUA	1978
LIU, CHIA YUNG (I)	ZA JIA XIAO ZI	1979
LIVELY, ERNIE (I)	THE WALTONS	1971
LLOYD PACK, ROGER	FIGURES IN A LANDSCAPE	1970
LLOYD, CHRISTOPHER (I)	AMERICAN PLAYHOUSE	1981
LOPEZ, FREDRICK	AMERICAN PLAYHOUSE	1981
LUCKING, WILLIAM	THE WALTONS	1971
LUCKING, WILLIAM	STRIPES	1981
LUCKING, WILLIAM	HELL'S BELLES	1969
LUMLEY, JOANNA	THE BALLAD OF TAM LIN	1970
LUMLEY, JOANNA	THE ABOMINABLE DR. PHIBES	1971
LUMLEY, JOANNA	THE HOUSE THAT DRIPPED BLOOD	1971
LUND, JORDAN	AMERICAN PLAYHOUSE	1981
LYMAN, WILL	AMERICAN PLAYHOUSE	1981
LYNDECK, EDMUND	AMERICAN PLAYHOUSE	1981
MACHT, STEPHEN	KILLJOY	1981
MACINNES, ANGUS	STAR WARS	1977
MACLACHLAN, JANET	AMERICAN PLAYHOUSE	1981
MACLACHLAN, JANET	HALLS OF ANGER	1970
MADIGAN, AMY (I)	AMERICAN PLAYHOUSE	1981
MADSEN, VIRGINIA	AMERICAN PLAYHOUSE	1981
MAGUIRE, OLIVER	STAR WARS: EPISODE V - THE EMPIRE STRIKES BACK	1980
MAHAFFEY, VALERIE	AMERICAN PLAYHOUSE	1981
MAHON, JOHN (I)	THE EXORCIST	1973
MAHONEY, JOHN (I)	AMERICAN PLAYHOUSE	1981
MAILER, STEPHEN	AMERICAN PLAYHOUSE	1981
MAKO (I)	THE HAWAIIANS	1970
MAKO (I)	THE SAND PEBBLES	1966
MALKOVICH, JOHN	AMERICAN PLAYHOUSE	1981
MARGULIES, DAVID (I)	AMERICAN PLAYHOUSE	1981
MARS (I)	ENTER THE DRAGON	1973
MARS (I)	SAN DE HUO SHANG YU CHONG MI LIU	1977
MARS (I)	SI WANG TA	1981
MARS (I)	SHI DI CHU MA	1980
MARS (I)	ZA JIA XIAO ZI	1979
MARSHALL, E.G.	THE PURSUIT OF HAPPINESS	1971
MARTIN, HELEN (II)	AMERICAN PLAYHOUSE	1981
MARTIN, RALPH P.	AMERICAN PLAYHOUSE	1981
MARTINEZ, A	AMERICAN PLAYHOUSE	1981
MARTINEZ, ALMA (I)	AMERICAN PLAYHOUSE	1981
MASON, TOM (I)	APOCALYPSE NOW	1979
MASUR, RICHARD	THE WALTONS	1971
MATTHAU, WALTER	KING CREOLE	1958
MATTHAU, WALTER	PLAZA SUITE	1971
MATTHEWS, DAKIN	AMERICAN PLAYHOUSE	1981
MCCARTHY, ANDREW (I)	AMERICAN PLAYHOUSE	1981
MCCARTHY, BART (I)	AMERICAN PLAYHOUSE	1981
MCCARTHY, KEVIN (I)	I QUATTRO DELL'AVE MARIA	1968
MCCARTNEY, PAUL	A.K.A. CASSIUS CLAY	1970
MCCLANAHAN, RUE	AMERICAN PLAYHOUSE	1981
MCCLANAHAN, RUE	THE PURSUIT OF HAPPINESS	1971
MCCLURE, MARC (I)	SUPERMAN	1978
MCCLURG, EDIE	AMERICAN PLAYHOUSE	1981
MCCORD, KENT (I)	ROUSTABOUT	1964
MCCOURT, MALACHY	THE MOLLY MAGUIRES	1970
MCDANIEL, JAMES (I)	AMERICAN PLAYHOUSE	1981
MCDONALD, MAC (I)	STAR WARS: EPISODE V - THE EMPIRE STRIKES BACK	1980
MCDOWELL, MALCOLM	FIGURES IN A LANDSCAPE	1970
MCGILL, BRUCE	AMERICAN PLAYHOUSE	1981
MCGOWAN, THOMAS	STRANGER IN OUR HOUSE	1978
MCGRAW, MELINDA	AMERICAN PLAYHOUSE	1981
MCHATTIE, STEPHEN	VON RICHTHOFEN AND BROWN	1971
MCHATTIE, STEPHEN	AMERICAN PLAYHOUSE	1981
MCKINNEY, BILL (I)	ANGEL UNCHAINED	1970
MCRANEY, GERALD	THE WALTONS	1971
MCRANEY, GERALD	THE BRAIN MACHINE	1977
MCROBBIE, PETER	AMERICAN PLAYHOUSE	1981
MCSHANE, IAN	AMERICAN PLAYHOUSE	1981
MCSHANE, IAN	PUSSYCAT, PUSSYCAT, I LOVE YOU	1970
MCSHANE, IAN	THE BALLAD OF TAM LIN	1970
MCSHANE, IAN	PERFORMANCE	1970
MEARA, ANNE	AMERICAN PLAYHOUSE	1981
MENDILLO, STEPHEN	AMERICAN PLAYHOUSE	1981
MEREDITH, BURGESS	THE REIVERS	1969
MEREDITH, BURGESS	SKIDOO	1968
MEREDITH, BURGESS	STAY AWAY, JOE	1968
METAS, CHRISTOPHER	THE WALTONS	1971
MIDDLETON, CLARK	AMERICAN PLAYHOUSE	1981
MILLER, DICK (I)	THE WILD ANGELS	1966
MILLS, JOHN (I)	RYAN'S DAUGHTER	1970
MILLS, JOHN (I)	WAR AND PEACE	1956
MILLS, JOHN (I)	OPERATION CROSSBOW	1965
MILLS, JOHN (I)	SCOTT OF THE ANTARCTIC	1948
MINKOFF, ROBERT	AMERICAN PLAYHOUSE	1981
MITCHELL, DONNA (I)	THE EXORCIST	1973
MITCHUM, ROBERT	RYAN'S DAUGHTER	1970
MITCHUM, ROBERT	LO SBARCO DI ANZIO	1968
MODINE, MATTHEW	AMERICAN PLAYHOUSE	1981
MOFFAT, DONALD	THE WALTONS	1971
MOFFAT, DONALD	AMERICAN PLAYHOUSE	1981
MOFFETT, D.W.	AMERICAN PLAYHOUSE	1981
MONK, DEBRA	AMERICAN PLAYHOUSE	1981
MONROE, JARION	THE ORGANIZATION	1971
MOORE, ROGER (I)	CROSSPLOT	1969
MOORE, SHEILA (I)	AMERICAN PLAYHOUSE	1981
MORAN, SEAN (I)	GREASE	1978
MORATZ, RALPH	REBEL WITHOUT A CAUSE	1955
MORATZ, RALPH	BLUE HAWAII	1961
MORATZ, RALPH	EAST OF EDEN	1955
MORENO, RITA (I)	AMERICAN PLAYHOUSE	1981
MORENO, RUBEN (I)	LITTLE BIG MAN	1970
MOROFF, MIKE	CYCLONE	1978
MORRIS, HAVILAND	AMERICAN PLAYHOUSE	1981
MORRISON, TEMUERA	STAR WARS: EPISODE V - THE EMPIRE STRIKES BACK	1980
MORSE, RALPH (I)	STAR WARS: EPISODE V - THE EMPIRE STRIKES BACK	1980
MORSE, RALPH (I)	AMERICAN PLAYHOUSE	1981
MORTON, AMY (I)	AMERICAN PLAYHOUSE	1981
MORTON, JOE (I)	AMERICAN PLAYHOUSE	1981
MOSES, MARK	AMERICAN PLAYHOUSE	1981
MULKEY, CHRIS (I)	THE WALTONS	1971
MULLALLY, MEGAN	AMERICAN PLAYHOUSE	1981
MURPHY, MICHAEL (I)	COUNT YORGA, VAMPIRE	1970
MURPHY, MICHAEL (I)	MASH	1970
MURRAY, BILL (I)	STRIPES	1981
NELLIGAN, KATE	AMERICAN PLAYHOUSE	1981
NELSON, DANNY (I)	AMERICAN PLAYHOUSE	1981
NERO, FRANCO	IL MERCENARIO	1968
NERO, FRANCO	TRISTANA	1970
NEUMANN JR., LARRY	AMERICAN PLAYHOUSE	1981
NEWHART, BOB	COLD TURKEY	1971
NEWMAN, BARRY (I)	VANISHING POINT	1971
NEWMAN, PAUL (I)	AMERICAN PLAYHOUSE	1981
NEWMAN, PAUL (I)	WUSA	1970
NICHOLSON, JACK (I)	THE WILD RIDE	1960
NICHOLSON, JACK (I)	PROFESSIONE: REPORTER	1975
NIMOY, LEONARD	CATLOW	1971
NIMOY, LEONARD	STAR TREK: THE MOTION PICTURE	1979
NIXON, CYNTHIA	AMERICAN PLAYHOUSE	1981
NIXON, RICHARD	COLD TURKEY	1971
NORDLING, JEFFREY	AMERICAN PLAYHOUSE	1981
NORRIS, CHUCK	THE WRECKING CREW	1968
NORTH, ALAN (I)	AMERICAN PLAYHOUSE	1981
NORTH, ALAN (I)	PLAZA SUITE	1971
NORTHAM, JEREMY	AMERICAN PLAYHOUSE	1981
NOSEWORTHY, JACK	AMERICAN PLAYHOUSE	1981
O'BRIEN, NIALL (I)	RYAN'S DAUGHTER	1970
O'KEEFE, MICHAEL (I)	THE WALTONS	1971
O'NEAL, RYAN (I)	LOVE STORY	1970
O'TOOLE, PETER (I)	MURPHY'S WAR	1971
O'TOOLE, PETER (I)	BECKET	1964
OKUMOTO, YUJI	AMERICAN PLAYHOUSE	1981
OLMOS, EDWARD JAMES	AMERICAN PLAYHOUSE	1981
ONTIVEROS, LUPE	AMERICAN PLAYHOUSE	1981
ORBACH, JERRY	THE GANG THAT COULDN'T SHOOT STRAIGHT	1971
ORTH, DAVID (I)	AMERICAN PLAYHOUSE	1981
OZ, FRANK	STAR WARS: EPISODE V - THE EMPIRE STRIKES BACK	1980
PAGAN, ANTONE	THE WARRIORS	1979
PAGAN, ANTONE	STRIPES	1981
PALANCE, JACK	THE PROFESSIONALS	1966
PALANCE, JACK	IL MERCENARIO	1968
PALANCE, JACK	KILL A DRAGON	1967
PAPE, PAUL	SATURDAY NIGHT FEVER	1977
PARKER, F. WILLIAM	THE WALTONS	1971
PARKER, SARAH JESSICA	AMERICAN PLAYHOUSE	1981
PARKES, GERARD	THE FIRST TIME	1969
PATINKIN, MANDY	AMERICAN PLAYHOUSE	1981
PATTERSON, JAY (I)	AMERICAN PLAYHOUSE	1981
PAXTON, BILL	STRIPES	1981
PECK, GREGORY	I WALK THE LINE	1970
PENDLETON, AUSTIN	SKIDOO	1968
PENG, YUNG-CHIANG	SHI DI CHU MA	1980
PENG, YUNG-CHIANG	BAI GA JAI	1981
PENG, YUNG-CHIANG	GUI DA GUI	1980
PENG, YUNG-CHIANG	SI WANG TA	1981
PERKINS, MILLIE	WILD IN THE STREETS	1968
PERRINE, VALERIE	SUPERMAN	1978
PETERS, BERNADETTE	AMERICAN PLAYHOUSE	1981
PHILLIPS, LESLIE (I)	IN THE DOGHOUSE	1962
PITONIAK, ANNE	AMERICAN PLAYHOUSE	1981
PLEASENCE, DONALD	SOLDIER BLUE	1970
PLEASENCE, DONALD	THX 1138	1971
PLEASENCE, DONALD	FANTASTIC VOYAGE	1966
PLUMMER, CHRISTOPHER (I)	TRIPLE CROSS	1966
PLUMMER, CHRISTOPHER (I)	THE SILENT PARTNER	1978
PLUNKETT, MARYANN	AMERICAN PLAYHOUSE	1981
POGUE, KEN	THE SILENT PARTNER	1978
POITIER, SIDNEY	THEY CALL ME MISTER TIBBS!	1970
POITIER, SIDNEY	BROTHER JOHN	1971
POITIER, SIDNEY	THE ORGANIZATION	1971
POLIZOS, VIC	AMERICAN PLAYHOUSE	1981
POLLARD, MICHAEL J.	THE WILD ANGELS	1966
POLLARD, MICHAEL J.	HANNIBAL BROOKS	1969
POLLARD, MICHAEL J.	BONNIE AND CLYDE	1967
PORTNOW, RICHARD	AMERICAN PLAYHOUSE	1981
POUNDER, CCH	AMERICAN PLAYHOUSE	1981
PRESLEY, ELVIS	BLUE HAWAII	1961
PRESLEY, ELVIS	KING CREOLE	1958
PRESLEY, ELVIS	EASY COME, EASY GO	1967
PRESLEY, ELVIS	G.I. BLUES	1960
PRESLEY, ELVIS	FUN IN ACAPULCO	1963
PRESLEY, ELVIS	ELVIS: THAT'S THE WAY IT IS	1970
PRESLEY, ELVIS	ROUSTABOUT	1964
PRESLEY, ELVIS	GIRLS! GIRLS! GIRLS!	1962
PRESLEY, ELVIS	STAY AWAY, JOE	1968
PRESNELL, HARVE	PAINT YOUR WAGON	1969
PRESTON, CYNTHIA	AMERICAN PLAYHOUSE	1981
PRICE, VINCENT (I)	THE ABOMINABLE DR. PHIBES	1971
PRICE, VINCENT (I)	MORE DEAD THAN ALIVE	1969
PRICE, VINCENT (I)	CRY OF THE BANSHEE	1970
PRICE, VINCENT (I)	SCREAM AND SCREAM AGAIN	1970
PRICE, VINCENT (I)	THE OBLONG BOX	1969
PRIMUS, BARRY (I)	VON RICHTHOFEN AND BROWN	1971
PRIMUS, BARRY (I)	THE BROTHERHOOD	1968
PRINE, ANDREW	BANDOLERO!	1968
PROCHNOW, J¸RGEN	DAS BOOT	1981
PRYCE, JONATHAN	LOOPHOLE	1981
QUAID, DENNIS	STRIPES	1981
QUAID, RANDY	THE LAST PICTURE SHOW	1971
QUARRY, ROBERT	COUNT YORGA, VAMPIRE	1970
QUARRY, ROBERT	WUSA	1970
QUINLAN, KATHLEEN	THE WALTONS	1971
QUINN, AIDAN (I)	AMERICAN PLAYHOUSE	1981
QUINN, ANTHONY (I)	THE SECRET OF SANTA VITTORIA	1969
QUINN, ANTHONY (I)	NOTRE-DAME DE PARIS	1956
QUINN, J.C.	AMERICAN PLAYHOUSE	1981
RAMIS, HAROLD	STRIPES	1981
RAMPLING, CHARLOTTE	LA CADUTA DEGLI DEI (GˆTTERD‰MMERUNG)	1969
RAMPLING, CHARLOTTE	VANISHING POINT	1971
RASHAD, PHYLICIA	AMERICAN PLAYHOUSE	1981
RATCHFORD, JEREMY	AMERICAN PLAYHOUSE	1981
RATZENBERGER, JOHN	SUPERMAN	1978
RATZENBERGER, JOHN	STAR WARS: EPISODE V - THE EMPIRE STRIKES BACK	1980
RAVEN, ELSA	THE GANG THAT COULDN'T SHOOT STRAIGHT	1971
REA, STEPHEN (I)	CRY OF THE BANSHEE	1970
REAGAN, RONALD (I)	COLD TURKEY	1971
REDGRAVE, CORIN	VON RICHTHOFEN AND BROWN	1971
REDGRAVE, VANESSA	AMERICAN PLAYHOUSE	1981
REDGRAVE, VANESSA	MARY, QUEEN OF SCOTS	1971
REED, PAMELA	AMERICAN PLAYHOUSE	1981
REEVE, CHRISTOPHER	SUPERMAN	1978
REEVES, KEANU	AMERICAN PLAYHOUSE	1981
REINER, ROB	HALLS OF ANGER	1970
REINER, ROB	SUMMERTREE	1971
REINHOLD, JUDGE	STRIPES	1981
REMAR, JAMES	THE WARRIORS	1979
REVILL, CLIVE	STAR WARS: EPISODE V - THE EMPIRE STRIKES BACK	1980
REYNOLDS, BURT (I)	IMPASSE	1969
REYNOLDS, BURT (I)	RUN, SIMON, RUN	1970
REYNOLDS, BURT (I)	SAM WHISKEY	1969
REYNOLDS, MICHAEL J.	WHY SHOOT THE TEACHER?	1977
RHAMES, VING	AMERICAN PLAYHOUSE	1981
RHODES, DONNELLY	OH HEAVENLY DOG	1980
RICHMOND, DEON	AMERICAN PLAYHOUSE	1981
RIDGELY, ROBERT	AMERICAN PLAYHOUSE	1981
RIDGELY, ROBERT	CHROME AND HOT LEATHER	1971
RIEGERT, PETER	AMERICAN PLAYHOUSE	1981
RIETTY, ROBERT	WAR AND PEACE	1956
RIETTY, ROBERT	BECKET	1964
RIETTY, ROBERT	HELL BOATS	1970
RIETTY, ROBERT	DOCTOR ZHIVAGO	1965
RIETTY, ROBERT	TRIPLE CROSS	1966
RIETTY, ROBERT	A MATTER OF LIFE AND DEATH	1946
RIETTY, ROBERT	NOTRE-DAME DE PARIS	1956
RIFKIN, RON	AMERICAN PLAYHOUSE	1981
RIFKIN, RON	FLAREUP	1969
RIFKIN, RON	THE DEVIL'S 8	1969
RIMMER, SHANE	STAR WARS	1977
RIMMER, SHANE	DR. STRANGELOVE OR: HOW I LEARNED TO STOP WORRYING AND LOVE THE BOMB	1964
RIMMER, SHANE	SUPERMAN	1978
RITTER, JOHN	THE WALTONS	1971
ROBARDS, JASON	C'ERA UNA VOLTA IL WEST	1968
ROBARDS, JASON	THE NIGHT THEY RAIDED MINSKY'S	1968
ROBARDS, JASON	AMERICAN PLAYHOUSE	1981
ROBARDS, JASON	PAT GARRETT & BILLY THE KID	1973
ROBARDS, JASON	MURDERS IN THE RUE MORGUE	1971
ROBERTS, ARTHUR (II)	KILLJOY	1981
ROBERTS, DORIS	AMERICAN PLAYHOUSE	1981
ROBERTS, ERIC (I)	AMERICAN PLAYHOUSE	1981
ROBERTSON, CLIFF (I)	J.W. COOP	1971
ROBINSON, ANDREW (I)	AMERICAN PLAYHOUSE	1981
ROLLE, ESTHER	AMERICAN PLAYHOUSE	1981
ROLSTON, MARK	AMERICAN PLAYHOUSE	1981
ROONEY, MICKEY (I)	SKIDOO	1968
ROSS, RICCO	AMERICAN PLAYHOUSE	1981
ROWE, DOUGLAS	FLAREUP	1969
ROWE, NICHOLAS (I)	AMERICAN PLAYHOUSE	1981
RUBINEK, SAUL	AMERICAN PLAYHOUSE	1981
RUBINSTEIN, JOHN	KILLJOY	1981
RUEHL, MERCEDES	THE WARRIORS	1979
RUGINIS, VYTO	AMERICAN PLAYHOUSE	1981
RYUSAKI, BILL M.	THE WRECKING CREW	1968
SAITO, JAMES (I)	THE WALTONS	1971
SALSEDO, FRANK	STAR TREK: THE MOTION PICTURE	1979
SAMBRELL, ALDO	CANNON FOR CORDOBA	1970
SAMBRELL, ALDO	C'ERA UNA VOLTA IL WEST	1968
SAMBRELL, ALDO	DOCTOR ZHIVAGO	1965
SAMBRELL, ALDO	KING OF KINGS	1961
SAMBRELL, ALDO	TRISTANA	1970
SAMBRELL, ALDO	PER UN PUGNO DI DOLLARI	1964
SANDERS, JAY O.	AMERICAN PLAYHOUSE	1981
SANDERSON, WILLIAM	AMERICAN PLAYHOUSE	1981
SANTONI, RENI	LO SBARCO DI ANZIO	1968
SANTOS, JOE (I)	THE GANG THAT COULDN'T SHOOT STRAIGHT	1971
SARANDON, SUSAN	AMERICAN PLAYHOUSE	1981
SARRAZIN, MICHAEL	THE PURSUIT OF HAPPINESS	1971
SAXON, JOHN	ENTER THE DRAGON	1973
SAXON, JOHN	AMERICAN PLAYHOUSE	1981
SAXON, JOHN	SHALIMAR	1978
SAXON, ROLF	AMERICAN PLAYHOUSE	1981
SCHALLERT, WILLIAM	THE WALTONS	1971
SCHALLERT, WILLIAM	SAM WHISKEY	1969
SCHIAVELLI, VINCENT	AMERICAN PLAYHOUSE	1981
SCHMIDTKE, NED	AMERICAN PLAYHOUSE	1981
SCHULTZ, ALBERT (I)	AMERICAN PLAYHOUSE	1981
SCOTT, GEORGE C.	DR. STRANGELOVE OR: HOW I LEARNED TO STOP WORRYING AND LOVE THE BOMB	1964
SCOTT, GEORGE C.	THE HOSPITAL	1971
SCOTT, LARRY B.	AMERICAN PLAYHOUSE	1981
SEDGWICK, KYRA	AMERICAN PLAYHOUSE	1981
SEIBEL, MARY	AMERICAN PLAYHOUSE	1981
SELBY, DAVID (I)	THE WALTONS	1971
SERNA, PEPE	AMERICAN PLAYHOUSE	1981
SERRA, RAYMOND	AMERICAN PLAYHOUSE	1981
SETRAKIAN, ED	THE PURSUIT OF HAPPINESS	1971
SEYMOUR, JANE (I)	OH HEAVENLY DOG	1980
SHARIF, OMAR	MAYERLING	1968
SHARIF, OMAR	DOCTOR ZHIVAGO	1965
SHARIF, OMAR	OH HEAVENLY DOG	1980
SHATNER, WILLIAM	THE INTRUDER	1962
SHATNER, WILLIAM	STAR TREK: THE MOTION PICTURE	1979
SHAW, STAN (I)	AMERICAN PLAYHOUSE	1981
SHEEN, CHARLIE	APOCALYPSE NOW	1979
SHEEN, MARTIN	LOOPHOLE	1981
SHEEN, MARTIN	APOCALYPSE NOW	1979
SHEPHERD, CYBILL	THE LAST PICTURE SHOW	1971
SHIMONO, SAB	THE WALTONS	1971
SHIMONO, SAB	AMERICAN PLAYHOUSE	1981
SHIMONO, SAB	THE HOSPITAL	1971
SHIRE, TALIA	GAS! -OR- IT BECAME NECESSARY TO DESTROY THE WORLD IN ORDER TO SAVE IT.	1970
SHIRE, TALIA	THE CHRISTIAN LICORICE STORE	1971
SHIRE, TALIA	THE DUNWICH HORROR	1970
SHRAPNEL, JOHN	THE ORGANIZATION	1971
SIERRA, GREGORY	THE WALTONS	1971
SILVER, RON (I)	AMERICAN PLAYHOUSE	1981
SINGER, LEÛN	AMERICAN PLAYHOUSE	1981
SINISE, GARY	AMERICAN PLAYHOUSE	1981
SKARSGÂRD, STELLAN	AMERICAN PLAYHOUSE	1981
SKERRITT, TOM (I)	ALIEN	1979
SKERRITT, TOM (I)	MASH	1970
SMIAR, BRIAN	AMERICAN PLAYHOUSE	1981
SMITH, ANNA DEAVERE	AMERICAN PLAYHOUSE	1981
SMITH, CHARLES MARTIN	PAT GARRETT & BILLY THE KID	1973
SMITH, J.W. (I)	THE WARRIORS	1979
SMITH, LINDA (I)	ANGEL UNCHAINED	1970
SMITH, LINDA (I)	HALLS OF ANGER	1970
SMITH, LOIS (I)	AMERICAN PLAYHOUSE	1981
SMITH, LOIS (I)	EAST OF EDEN	1955
SMITH, WILLIAM (I)	A TREE GROWS IN BROOKLYN	1945
SMITH, WILLIAM (I)	SUMMERTREE	1971
SMITH, WILLIAM (I)	CHROME AND HOT LEATHER	1971
SMITROVICH, BILL	AMERICAN PLAYHOUSE	1981
SNYDER, JOHN (I)	THE WARRIORS	1979
SNYDER, RICK (I)	AMERICAN PLAYHOUSE	1981
SOLES, P.J.	STRIPES	1981
SOMMER, JOSEF	AMERICAN PLAYHOUSE	1981
SOONG, LUCILLE	ONE MORE TIME	1970
SOONG, LUCILLE	THE FILE OF THE GOLDEN GOOSE	1969
SPACEK, SISSY	THE WALTONS	1971
SPINER, BRENT	AMERICAN PLAYHOUSE	1981
SPRADLIN, G.D.	APOCALYPSE NOW	1979
SPRADLIN, G.D.	NUMBER ONE	1969
STALLONE, SYLVESTER	BANANAS	1971
STAMP, TERENCE	SUPERMAN	1978
STANTON, HARRY DEAN	PAT GARRETT & BILLY THE KID	1973
STANTON, HARRY DEAN	ALIEN	1979
STEIGER, ROD	DOCTOR ZHIVAGO	1965
STENBORG, HELEN	AMERICAN PLAYHOUSE	1981
STEPHENS, ROBERT (I)	WAR AND PEACE	1956
STERNHAGEN, FRANCES	THE HOSPITAL	1971
STEVENS, STELLA (I)	GIRLS! GIRLS! GIRLS!	1962
STIERS, DAVID OGDEN	THX 1138	1971
STILLER, BEN	AMERICAN PLAYHOUSE	1981
STILLER, JERRY	AMERICAN PLAYHOUSE	1981
STOCKWELL, DEAN	THE DUNWICH HORROR	1970
STOLTZ, ERIC	THE WALTONS	1971
STOLTZ, ERIC	AMERICAN PLAYHOUSE	1981
STRAUSS, PETER (I)	SOLDIER BLUE	1970
STRITCH, ELAINE	AMERICAN PLAYHOUSE	1981
STROUD, DON (I)	ANGEL UNCHAINED	1970
STROUD, DON (I)	VON RICHTHOFEN AND BROWN	1971
STRZALKOWSKI, HENRY	APOCALYPSE NOW	1979
SUSMAN, TODD	THE WALTONS	1971
SUTHERLAND, DONALD (I)	MASH	1970
SUTTON, DUDLEY	ONE MORE TIME	1970
SUTTON, DUDLEY	CROSSPLOT	1969
TAI, PO	ENTER THE DRAGON	1973
TAI, PO	GUI DA GUI	1980
TAI, PO	SHI DI CHU MA	1980
TAKEI, GEORGE	STAR TREK: THE MOTION PICTURE	1979
TAYLOR, BUCK (I)	THE WILD ANGELS	1966
TAYLOR, BUCK (I)	DOC HOOKER'S BUNCH	1976
TAYLOR, BUCK (I)	DEVIL'S ANGELS	1967
TAYLOR, DUB (I)	THE REIVERS	1969
TAYLOR, DUB (I)	MAJOR DUNDEE	1965
TAYLOR, DUB (I)	PAT GARRETT & BILLY THE KID	1973
TAYLOR, DUB (I)	BANDOLERO!	1968
TAYLOR, DUB (I)	A MAN CALLED HORSE	1970
TAYLOR, DUB (I)	DOC HOOKER'S BUNCH	1976
TAYLOR, DUB (I)	BONNIE AND CLYDE	1967
TAYLOR, HOLLAND	AMERICAN PLAYHOUSE	1981
TAYLOR, LILI (I)	AMERICAN PLAYHOUSE	1981
TAYLOR, REGINA (I)	AMERICAN PLAYHOUSE	1981
THIGPEN, LYNNE	AMERICAN PLAYHOUSE	1981
THIGPEN, LYNNE	THE WARRIORS	1979
THOMAS, DAVE (I)	STRIPES	1981
THORNTON, DAVID (I)	AMERICAN PLAYHOUSE	1981
TIEN, JAMES	SHAO LIN MEN	1976
TIEN, JAMES	BAI GA JAI	1981
TIEN, JAMES	QUAN JING	1978
TIEN, JAMES	SAN DE HUO SHANG YU CHONG MI LIU	1977
TIERNEY, LAWRENCE	THE HOODLUM	1951
TIGAR, KENNETH	THE WALTONS	1971
TIRELLI, JAIME	AMERICAN PLAYHOUSE	1981
TORN, RIP	KING OF KINGS	1961
TOWNSEND, ROBERT (I)	THE WARRIORS	1979
TRAVOLTA, JOHN (I)	SATURDAY NIGHT FEVER	1977
TRAVOLTA, JOHN (I)	GREASE	1978
TSANG, ERIC (I)	ZAN XIAN SHENG YU ZHAO QIAN HUA	1978
TSANG, ERIC (I)	SAN DE HUO SHANG YU CHONG MI LIU	1977
TUCKER, BURNELL	STAR WARS: EPISODE V - THE EMPIRE STRIKES BACK	1980
TUCKER, BURNELL	SUPERMAN	1978
TUCKER, BURNELL	STAR WARS	1977
TUCKER, BURNELL	DR. STRANGELOVE OR: HOW I LEARNED TO STOP WORRYING AND LOVE THE BOMB	1964
TUERPE, PAUL	SUPERMAN	1978
TURMAN, GLYNN	AMERICAN PLAYHOUSE	1981
TUSHINGHAM, RITA	DOCTOR ZHIVAGO	1965
VACCARO, BRENDA	SUMMERTREE	1971
VAN DAM, GWEN (I)	HUSBANDS	1970
VAN HUSEN, DAN	CANNON FOR CORDOBA	1970
VAN HUSEN, DAN	CATLOW	1971
VAN HUSEN, DAN	LOS DESESPERADOS	1969
VAN PATTEN, JOYCE	SOMETHING BIG	1971
VAN PATTEN, JOYCE	PUSSYCAT, PUSSYCAT, I LOVE YOU	1970
VAN VALKENBURGH, DEBORAH	THE WARRIORS	1979
VARUGHESE, SUGITH	AMERICAN PLAYHOUSE	1981
VAZQUEZ, ALBERTO (IV)	SATURDAY NIGHT FEVER	1977
VENTURE, RICHARD	THE WALTONS	1971
VENTURE, RICHARD	AMERICAN PLAYHOUSE	1981
VEREEN, BEN (I)	GAS! -OR- IT BECAME NECESSARY TO DESTROY THE WORLD IN ORDER TO SAVE IT.	1970
VOIGHT, JON	THE REVOLUTIONARY	1970
VON BARGEN, DANIEL	AMERICAN PLAYHOUSE	1981
VON DOHLEN, LENNY	AMERICAN PLAYHOUSE	1981
VON SYDOW, MAX (I)	THE EXORCIST	1973
WAITE, RALPH	THE WALTONS	1971
WAITE, RALPH	THE PURSUIT OF HAPPINESS	1971
WAITE, RALPH	LAWMAN	1971
WAITES, THOMAS G.	THE WARRIORS	1979
WALKEN, CHRISTOPHER	AMERICAN PLAYHOUSE	1981
WALKER, LOU	AMERICAN PLAYHOUSE	1981
WALLACE, GEORGE (I)	THE WALTONS	1971
WALLACH, ELI	I QUATTRO DELL'AVE MARIA	1968
WALLACH, ELI	AMERICAN PLAYHOUSE	1981
WALLACH, ELI	THE ANGEL LEVINE	1970
WALSH, JACK (I)	THX 1138	1971
WALSH, M. EMMET	LITTLE BIG MAN	1970
WALSH, M. EMMET	COLD TURKEY	1971
WALSH, M. EMMET	THE WALTONS	1971
WALSH, ROBERT (I)	VON RICHTHOFEN AND BROWN	1971
WALSTON, RAY	PAINT YOUR WAGON	1969
WALTER, JESSICA (I)	NUMBER ONE	1969
WALTER, TRACEY	THE HOSPITAL	1971
WARD, FRED (I)	AMERICAN PLAYHOUSE	1981
WARDEN, JACK	WHO IS HARRY KELLERMAN AND WHY IS HE SAYING THOSE TERRIBLE THINGS ABOUT ME?	1971
WARDEN, JACK	SUMMERTREE	1971
WARNOCK, DONALD	LOVE STORY	1970
WATSON-JOHNSON, VERNEE	AMERICAN PLAYHOUSE	1981
WEAVER, LEE (II)	VANISHING POINT	1971
WEAVER, SIGOURNEY	ALIEN	1979
WEBER, STEVEN (I)	AMERICAN PLAYHOUSE	1981
WEI, DICK	BAI GA JAI	1981
WEISS, JOEL (I)	THE WARRIORS	1979
WELCH, RAQUEL	FLAREUP	1969
WELCH, RAQUEL	BANDOLERO!	1968
WELCH, RAQUEL	ROUSTABOUT	1964
WELCH, RAQUEL	FANTASTIC VOYAGE	1966
WEST, RED	BLUE HAWAII	1961
WEST, RED	ROUSTABOUT	1964
WEST, RED	ELVIS: THAT'S THE WAY IT IS	1970
WEST, RED	FUN IN ACAPULCO	1963
WEST, RED	GIRLS! GIRLS! GIRLS!	1962
WHITE, PETER (I)	THE PURSUIT OF HAPPINESS	1971
WHITFIELD, LYNN	AMERICAN PLAYHOUSE	1981
WIGGINS, CHRIS (I)	WHY SHOOT THE TEACHER?	1977
WILDER, ALAN (I)	AMERICAN PLAYHOUSE	1981
WILLIAMS, BILLY DEE	STAR WARS: EPISODE V - THE EMPIRE STRIKES BACK	1980
WILLIAMS, TREAT	STAR WARS: EPISODE V - THE EMPIRE STRIKES BACK	1980
WILLIAMS, TREAT	AMERICAN PLAYHOUSE	1981
WILLIAMSON, FRED	MASH	1970
WILLINGHAM, NOBLE	THE WALTONS	1971
WILLINGHAM, NOBLE	THE LAST PICTURE SHOW	1971
WINDE, BEATRICE	AMERICAN PLAYHOUSE	1981
WINFIELD, PAUL (I)	AMERICAN PLAYHOUSE	1981
WINFIELD, PAUL (I)	BROTHER JOHN	1971
WINKLER, MARGO	THE GANG THAT COULDN'T SHOOT STRAIGHT	1971
WINTERS, SHELLEY	WILD IN THE STREETS	1968
WONG, VICTOR (III)	AMERICAN PLAYHOUSE	1981
WOOD, FRED (I)	ONE MORE TIME	1970
WOOD, FRED (I)	STAR WARS	1977
WOOD, FRED (I)	BECKET	1964
WOOD, FRED (I)	CRY OF THE BANSHEE	1970
WOOD, FRED (I)	OPERATION CROSSBOW	1965
WOOD, FRED (I)	CURSE OF THE CRIMSON ALTAR	1968
WOOD, JOHN (I)	ONE MORE TIME	1970
WOODARD, ALFRE	AMERICAN PLAYHOUSE	1981
WOODWARD, TIM (I)	AMERICAN PLAYHOUSE	1981
WU, MA	GUI DA GUI	1980
WU, MA	BAI GA JAI	1981
WU, MA	SAN DE HUO SHANG YU CHONG MI LIU	1977
YEUNG, BOLO	ENTER THE DRAGON	1973
YORK, FRANCINE	CANNON FOR CORDOBA	1970
YOUNG, BURT	THE GANG THAT COULDN'T SHOOT STRAIGHT	1971
YOUNG, SEAN (I)	AMERICAN PLAYHOUSE	1981
YOUNG, SEAN (I)	STRIPES	1981
YUEN, BIAO	ENTER THE DRAGON	1973
YUEN, BIAO	GUI DA GUI	1980
YUEN, BIAO	BAI GA JAI	1981
YUEN, BIAO	LIN SHI RONG	1979
YUEN, BIAO	ZAN XIAN SHENG YU ZHAO QIAN HUA	1978
YUEN, BIAO	SI WANG TA	1981
YUEN, BIAO	SHI DI CHU MA	1980
YUEN, BIAO	SHAO LIN MEN	1976
YUEN, BIAO	QUAN JING	1978
YUEN, BIAO	ZA JIA XIAO ZI	1979
YUEN, COREY	XING XING WANG	1977
YUEN, MO	GUI DA GUI	1980
YUEN, MO	LIN SHI RONG	1979
YUEN, WAH	ENTER THE DRAGON	1973
YUEN, WAH	SHAO LIN MEN	1976
ZELLER, BEN	AMERICAN PLAYHOUSE	1981
ZERBE, ANTHONY	THEY CALL ME MISTER TIBBS!	1970
ZERBE, ANTHONY	THE MOLLY MAGUIRES	1970
